city,month,freight_cost,warehouse_cost,salesforce_cost,btl_cost,fixed_cost,total_monthly_cost
Nashik,1,51300,56000,140000,3000000.0,150000,3397300.0
Nashik,2,51300,56000,140000,3000000.0,150000,3397300.0
Nashik,3,51300,56000,140000,3000000.0,150000,3397300.0
Nashik,4,51300,56000,210000,2250000.0,150000,2717300.0
Nashik,5,51300,56000,210000,2250000.0,150000,2717300.0
Nashik,6,51300,56000,210000,2250000.0,150000,2717300.0
Nashik,7,51300,56000,280000,1500000.0,150000,2037300.0
Nashik,8,51300,56000,280000,1500000.0,150000,2037300.0
Nashik,9,51300,56000,280000,1500000.0,150000,2037300.0
Nashik,10,51300,56000,280000,1500000.0,150000,2037300.0
Nashik,11,51300,56000,280000,1500000.0,150000,2037300.0
Nashik,12,51300,56000,280000,1500000.0,150000,2037300.0
Nashik,13,51300,56000,280000,1500000.0,150000,2037300.0
Nashik,14,51300,56000,280000,1500000.0,150000,2037300.0
Nashik,15,51300,56000,280000,1500000.0,150000,2037300.0
Nashik,16,51300,56000,280000,1500000.0,150000,2037300.0
Nashik,17,51300,56000,280000,1500000.0,150000,2037300.0
Nashik,18,51300,56000,280000,1500000.0,150000,2037300.0
Nashik,19,51300,56000,280000,1500000.0,150000,2037300.0
Nashik,20,51300,56000,280000,1500000.0,150000,2037300.0
Nashik,21,51300,56000,280000,1500000.0,150000,2037300.0
Nashik,22,51300,56000,280000,1500000.0,150000,2037300.0
Nashik,23,51300,56000,280000,1500000.0,150000,2037300.0
Nashik,24,51300,56000,280000,1500000.0,150000,2037300.0
Nashik,25,51300,56000,280000,1500000.0,150000,2037300.0
Nashik,26,51300,56000,280000,1500000.0,150000,2037300.0
Nashik,27,51300,56000,280000,1500000.0,150000,2037300.0
Nashik,28,51300,56000,280000,1500000.0,150000,2037300.0
Nashik,29,51300,56000,280000,1500000.0,150000,2037300.0
Nashik,30,51300,56000,280000,1500000.0,150000,2037300.0
Nashik,31,51300,56000,280000,1500000.0,150000,2037300.0
Nashik,32,51300,56000,280000,1500000.0,150000,2037300.0
Nashik,33,51300,56000,280000,1500000.0,150000,2037300.0
Nashik,34,51300,56000,280000,1500000.0,150000,2037300.0
Nashik,35,51300,56000,280000,1500000.0,150000,2037300.0
Nashik,36,51300,56000,280000,1500000.0,150000,2037300.0
Nagpur,1,90150,44000,140000,3000000.0,150000,3424150.0
Nagpur,2,90150,44000,140000,3000000.0,150000,3424150.0
Nagpur,3,90150,44000,140000,3000000.0,150000,3424150.0
Nagpur,4,90150,44000,210000,2250000.0,150000,2744150.0
Nagpur,5,90150,44000,210000,2250000.0,150000,2744150.0
Nagpur,6,90150,44000,210000,2250000.0,150000,2744150.0
Nagpur,7,90150,44000,280000,1500000.0,150000,2064150.0
Nagpur,8,90150,44000,280000,1500000.0,150000,2064150.0
Nagpur,9,90150,44000,280000,1500000.0,150000,2064150.0
Nagpur,10,90150,44000,280000,1500000.0,150000,2064150.0
Nagpur,11,90150,44000,280000,1500000.0,150000,2064150.0
Nagpur,12,90150,44000,280000,1500000.0,150000,2064150.0
Nagpur,13,90150,44000,280000,1500000.0,150000,2064150.0
Nagpur,14,90150,44000,280000,1500000.0,150000,2064150.0
Nagpur,15,90150,44000,280000,1500000.0,150000,2064150.0
Nagpur,16,90150,44000,280000,1500000.0,150000,2064150.0
Nagpur,17,90150,44000,280000,1500000.0,150000,2064150.0
Nagpur,18,90150,44000,280000,1500000.0,150000,2064150.0
Nagpur,19,90150,44000,280000,1500000.0,150000,2064150.0
Nagpur,20,90150,44000,280000,1500000.0,150000,2064150.0
Nagpur,21,90150,44000,280000,1500000.0,150000,2064150.0
Nagpur,22,90150,44000,280000,1500000.0,150000,2064150.0
Nagpur,23,90150,44000,280000,1500000.0,150000,2064150.0
Nagpur,24,90150,44000,280000,1500000.0,150000,2064150.0
Nagpur,25,90150,44000,280000,1500000.0,150000,2064150.0
Nagpur,26,90150,44000,280000,1500000.0,150000,2064150.0
Nagpur,27,90150,44000,280000,1500000.0,150000,2064150.0
Nagpur,28,90150,44000,280000,1500000.0,150000,2064150.0
Nagpur,29,90150,44000,280000,1500000.0,150000,2064150.0
Nagpur,30,90150,44000,280000,1500000.0,150000,2064150.0
Nagpur,31,90150,44000,280000,1500000.0,150000,2064150.0
Nagpur,32,90150,44000,280000,1500000.0,150000,2064150.0
Nagpur,33,90150,44000,280000,1500000.0,150000,2064150.0
Nagpur,34,90150,44000,280000,1500000.0,150000,2064150.0
Nagpur,35,90150,44000,280000,1500000.0,150000,2064150.0
Nagpur,36,90150,44000,280000,1500000.0,150000,2064150.0
Mysuru,1,134100,64000,140000,3000000.0,150000,3488100.0
Mysuru,2,134100,64000,140000,3000000.0,150000,3488100.0
Mysuru,3,134100,64000,140000,3000000.0,150000,3488100.0
Mysuru,4,134100,64000,210000,2250000.0,150000,2808100.0
Mysuru,5,134100,64000,210000,2250000.0,150000,2808100.0
Mysuru,6,134100,64000,210000,2250000.0,150000,2808100.0
Mysuru,7,134100,64000,280000,1500000.0,150000,2128100.0
Mysuru,8,134100,64000,280000,1500000.0,150000,2128100.0
Mysuru,9,134100,64000,280000,1500000.0,150000,2128100.0
Mysuru,10,134100,64000,280000,1500000.0,150000,2128100.0
Mysuru,11,134100,64000,280000,1500000.0,150000,2128100.0
Mysuru,12,134100,64000,280000,1500000.0,150000,2128100.0
Mysuru,13,134100,64000,280000,1500000.0,150000,2128100.0
Mysuru,14,134100,64000,280000,1500000.0,150000,2128100.0
Mysuru,15,134100,64000,280000,1500000.0,150000,2128100.0
Mysuru,16,134100,64000,280000,1500000.0,150000,2128100.0
Mysuru,17,134100,64000,280000,1500000.0,150000,2128100.0
Mysuru,18,134100,64000,280000,1500000.0,150000,2128100.0
Mysuru,19,134100,64000,280000,1500000.0,150000,2128100.0
Mysuru,20,134100,64000,280000,1500000.0,150000,2128100.0
Mysuru,21,134100,64000,280000,1500000.0,150000,2128100.0
Mysuru,22,134100,64000,280000,1500000.0,150000,2128100.0
Mysuru,23,134100,64000,280000,1500000.0,150000,2128100.0
Mysuru,24,134100,64000,280000,1500000.0,150000,2128100.0
Mysuru,25,134100,64000,280000,1500000.0,150000,2128100.0
Mysuru,26,134100,64000,280000,1500000.0,150000,2128100.0
Mysuru,27,134100,64000,280000,1500000.0,150000,2128100.0
Mysuru,28,134100,64000,280000,1500000.0,150000,2128100.0
Mysuru,29,134100,64000,280000,1500000.0,150000,2128100.0
Mysuru,30,134100,64000,280000,1500000.0,150000,2128100.0
Mysuru,31,134100,64000,280000,1500000.0,150000,2128100.0
Mysuru,32,134100,64000,280000,1500000.0,150000,2128100.0
Mysuru,33,134100,64000,280000,1500000.0,150000,2128100.0
Mysuru,34,134100,64000,280000,1500000.0,150000,2128100.0
Mysuru,35,134100,64000,280000,1500000.0,150000,2128100.0
Mysuru,36,134100,64000,280000,1500000.0,150000,2128100.0
